"Instructions: Mass shifts can be any positive or negative number in decimal format. Sequence is case-sensitive; should use single-letter amino acid code; and must only contain characters included in the ""amino_acids.csv"" parameter file.",,
N-term mass shift,sequence,C-term mass shift
0,YSAHEEHHYDK,0
0,HEHISSDYAGK,0
0,TFAHTESHISK,0
0,ISLGEHEGGGK,0
0,LSSGYDGTSYK,0
0,FGTGTYAGGEK,0
0,VGASTGYSGLK,0
0,TASGVGGFSTK,0
0,SYASDFGSSAK,0
0,LYSYYSSTESK,0
0,LYTGAGYDEVK,0
0,TLIAYDDSSTK,0
0,HLTGLTFDTYK,0
0,FLASSEGGFTK,0
0,GFLDYESTGAK,0
0,ALFSSITDSEK,0
0,FVGTEYDGLAK,0
0,YALDSYSLSSK,0
0,HDTVFGSYLYK,0
0,YFGYTSDTFGK,0
0,HFALFSTDVTK,0
0,TFTGTTDSFFK,0
0,VSGFSDISIYK,0
0,TFGTETFDTFK,0
0,TSIDSFIDSYK,0
0,ASDLLSGYYIK,0
0,FLFTGYDTSVK,0
0,GIFGAFTDDYK,0
0,VYAETLSGFIK,0
0,GFVIDDGLITK,0
0,GASDFLSFAVK,0
0,FFLTGTSIFVK,0
0,VSSIFFDTFDK,0
0,GDFTFFIDTFK,0
0,LFISALVDFFK,0
0,SLFFIIDGFVK,0
0,IDVYILALLLK,0
0,SILAFLYLYFK,0
0,SLIFFLSTLLK,0
0,FLISLLEEYFK,0
